insert into Country(CountryId, CountryName) values(100, 'India'),
												  (101, 'USA'),
												  (102, 'England'),
												  (103, 'Russia'),
												  (104, 'China')


INSERT INTO STATE(STATEID, STATENAME, COUNTRYID) VALUES(10001, 'Maharashtra', 100),
(10002, 'Bihar', 100),
(10003, 'Karnataka', 100),
(10004, 'Chhattisgarh', 100),
(10005, 'Andhra Pradesh', 100),
(10006, 'Delhi', 100),
(10007, 'Goa', 100),
(10008, 'Gujarat', 100),
(10009, 'Uttar Pardesh', 100),
(10010, 'Punjab', 100),
(10101, 'Hawaii', 101),
(10102, 'Alabama', 101),
(10103, 'Florida', 101),
(10104, 'Pennsylvania', 101),
(10105, 'Texas', 101),
(10106, 'California', 101),
(10107, 'Rhode Island', 101),
(10108, 'Delaware',	101),
(10109, 'Utah',	101),
(10201, 'Bedfordshire',	102),
(10202, 'Cambridgeshire', 102),
(10203, 'Cornwall',	102),
(10204, 'Berkshire', 102),
(10205, 'Bristol', 102),
(10206, 'Derbyshire', 102),
(10207, 'Buckinghamshire', 102),
(10208, 'Cheshire', 102),
(10209, 'Devon', 102),
(10301, 'Bashkortostan', 103),
(10302, 'Buryatia', 103),
(10303, 'Altai', 103),
(10304, 'Khakassia', 103),
(10305, 'Kalmykia',	103),
(10306, 'Mordovia',	103),
(10307, 'Chuvashia', 103),
(10308, 'Ingushetia', 103),
(10309, 'Tatarstan', 103),
(10310, 'Komi',	103),
(10401, 'Anhui', 104),
(10402, 'Fujian', 104),
(10403, 'Gansu', 104),
(10404, 'Guangdong', 104),
(10405, 'Guizhou', 104),
(10406, 'Hainan', 104),
(10407, 'Heilongjiang',	104),
(10408, 'Qinghai',	104),
(10409, 'Sichuan',	104),
(10410, 'Yunnan',	104)



INSERT INTO DISTRICT(DistrictId, StateId, DistrictName) VALUES(1, 10002, 'Araria'),
(2, 10002, 'Arwal'),
(3, 10002, 'Aurangabad'),
(4, 10002, 'Banka'),
(5, 10002, 'Begusarai'),
(6, 10002, 'Bhagalpur'),
(7, 10002, 'Bhojpur'),
(8, 10002, 'Buxar'),
(9, 10002, 'Darbhanga'),
(10, 10002, 'Gaya'),
(11, 10002, 'Gopalgan'),
(12, 10002, 'Jamui'),
(13, 10002, 'Jehanabad'),
(14, 10002, 'Kaimur'),
(15, 10002, 'Katihar'),
(16, 10002, 'Khagaria'),
(17, 10002, 'Kishanganj'),
(18, 10002, 'Lakhisarai'),
(19, 10002, 'Madhepura'),
(20, 10002, 'Madhubani'),
(21, 10002, 'Munger'),
(22, 10002, 'Muzaffarpur'),
(23, 10002, 'Nalanda'),
(24, 10002, 'Nawada'),
(25, 10002, 'Pashchim'),
(26, 10002, 'Patna'),
(27, 10002, 'Purba'),
(28, 10002, 'Purnia'),
(29, 10002, 'Rohtas'),
(30, 10002, 'Saharsa'),
(31, 10002, 'Samastipur'),
(32, 10002, 'Saran'),
(33, 10002, 'Sheikhpura'),
(34, 10002, 'Sheohar'),
(35, 10002, 'Sitamarhi'),
(36, 10002, 'Siwan'),
(37, 10002, 'Supaul'),
(38, 10002, 'Vaishali'),
(39, 10002, 'Araria'),
(40, 10001, 'Ahmednagar'),
(41, 10001, 'Akola'),
(42, 10001, 'Amravati'),
(43, 10001, 'Aurangabad'),
(44, 10001, 'Beed'),
(45, 10001, 'Bhandara'),
(46, 10001, 'Buldhana'),
(47, 10001, 'Chandrapur'),
(48, 10001, 'Dhule'),
(49, 10001, 'Gadchiroli'),
(50, 10001, 'Gondia'),
(51, 10001, 'Hingoli'),
(52, 10001, 'Jalgaon')
